,City,Lat,Lng,Temp,Max Temp,Humidity,Cloudiness,Wind Speed,Country
0,Bluff,-46.6,168.3333,54.0,54.0,90,72,3.0,NZ
1,Lagan,45.3929,47.3707,55.47,55.47,69,59,0.98,RU
2,Esperance,-33.8667,121.9,50.0,50.0,87,0,6.91,AU
3,Hasaki,35.7333,140.8333,49.14,51.8,43,20,6.91,JP
4,Port Alfred,-33.5906,26.891,75.2,75.2,37,0,6.98,ZA
5,Mariehamn,60.0973,19.9348,35.6,35.6,75,0,2.3,AX
6,San Miguel,13.4833,-88.1833,90.73,91.4,62,75,3.44,SV
7,Rikitea,-23.1203,-134.9692,77.68,77.68,75,5,9.6,PF
8,Kloulklubed,7.0419,134.2556,77.0,77.0,88,90,16.11,PW
9,Alofi,-19.0595,-169.9187,78.8,78.8,83,40,5.75,NU
10,Butaritari,3.0707,172.7902,83.12,83.12,75,68,13.44,KI
11,Norman Wells,65.282,-126.8329,46.4,46.4,46,1,2.3,CA
12,New Norfolk,-42.7826,147.0587,52.38,55.0,77,100,1.99,AU
13,Kapaa,22.0752,-159.319,75.97,78.8,61,75,12.66,US
14,Sambava,-14.2667,50.1667,75.69,75.69,90,100,14.16,MG
15,Wamba,8.9333,8.6,83.53,83.53,52,95,2.24,NG
16,Hithadhoo,-0.6,73.0833,82.2,82.2,64,33,6.08,MV
17,Turochak,52.2576,87.1224,39.67,39.67,75,30,7.63,RU
18,Busselton,-33.65,115.3333,60.69,60.69,81,79,7.05,AU
19,Highland,34.1283,-117.2086,74.71,82.99,8,1,24.16,US
20,Vaini,-21.2,-175.2,77.0,77.0,78,40,5.75,TO
21,Kumul,42.8,93.45,58.87,58.87,28,34,15.1,CN
22,Mataura,-46.1927,168.8643,54.0,54.0,90,92,3.0,NZ
23,Dosso,13.049,3.1937,94.19,94.19,25,94,3.96,NE
24,Sigiriya,7.9518,80.7426,73.15,73.15,93,39,5.46,LK
25,Hobart,-42.8794,147.3294,53.15,55.4,62,75,6.91,AU
26,Tasiilaq,65.6145,-37.6368,24.8,24.8,63,0,5.75,GL
27,Atuona,-9.8,-139.0333,80.55,80.55,76,9,17.69,PF
28,Dingle,10.9995,122.6711,76.42,76.42,77,100,4.99,PH
29,Vieques,18.425,-65.8329,86.41,91.4,43,20,11.5,PR
30,Carutapera,-1.195,-46.02,76.05,76.05,93,100,4.97,BR
31,Mount Gambier,-37.8333,140.7667,53.6,53.6,100,90,10.36,AU
32,Torbay,47.6666,-52.7314,36.59,37.4,100,90,18.41,CA
33,Mahébourg,-20.4081,57.7,77.0,77.0,94,75,13.8,MU
34,Avarua,-21.2078,-159.775,82.4,82.4,78,20,12.66,CK
35,Punta Arenas,-53.15,-70.9167,48.09,48.2,81,0,8.05,CL
36,Ostrovnoy,68.0531,39.5131,29.61,29.61,79,98,19.37,RU
37,Kieta,-6.2167,155.6333,80.58,80.58,75,61,3.6,PG
38,Airai,-8.9266,125.4092,56.19,56.19,67,99,2.35,TL
39,Cayenne,4.9333,-52.3333,80.83,81.0,83,75,6.91,GF
40,Sapulpa,35.9987,-96.1142,64.0,64.99,31,20,4.61,US
41,Jamestown,42.097,-79.2353,53.15,55.0,54,90,12.66,US
42,Inongo,-1.95,18.2667,74.95,74.95,84,81,3.71,CD
43,Marrakesh,31.6315,-8.0083,71.6,71.6,53,0,10.36,MA
44,Gambēla,8.25,34.5833,82.33,82.33,41,73,2.89,ET
45,Arraial do Cabo,-22.9661,-42.0278,77.0,77.0,83,75,8.05,BR
46,Khatanga,71.9667,102.5,-1.93,-1.93,96,98,7.76,RU
47,Yulara,-25.2406,130.9889,50.0,50.0,62,0,5.75,AU
48,Potchefstroom,-26.7167,27.1,56.46,56.46,52,0,1.48,ZA
49,Cherskiy,68.75,161.3,22.77,22.77,87,74,13.49,RU
50,Hamilton,39.1834,-84.5333,63.21,64.4,25,1,8.05,US
51,Talnakh,69.4865,88.3972,-17.59,-17.59,88,74,2.15,RU
52,Camacha,33.0833,-16.3333,62.6,62.6,72,20,10.36,PT
53,Ushuaia,-54.8,-68.3,57.2,57.2,51,20,8.05,AR
54,Qaanaaq,77.484,-69.3632,5.81,5.81,76,99,5.03,GL
55,Pangnirtung,66.1451,-65.7125,17.6,17.6,67,20,3.44,CA
56,Kidal,18.4411,1.4078,91.2,91.2,11,30,11.45,ML
57,Bambous Virieux,-20.3428,57.7575,76.05,77.0,94,75,13.8,MU
58,Albany,42.6001,-73.9662,56.43,60.01,40,92,4.0,US
59,Agüimes,27.9054,-15.4461,66.36,66.99,63,40,23.02,ES
60,Deputatsky,69.3,139.9,-0.49,-0.49,95,94,5.06,RU
61,Port Hardy,50.6996,-127.4199,55.11,57.2,62,1,4.61,CA
62,Batemans Bay,-35.7167,150.1833,48.42,51.01,91,16,3.0,AU
63,Yellowknife,62.456,-114.3525,37.2,37.4,60,20,6.91,CA
64,Iqaluit,63.7506,-68.5145,21.09,21.2,68,75,3.44,CA
65,Kavieng,-2.5744,150.7967,82.29,82.29,74,94,4.27,PG
66,Puerto Ayora,-0.7393,-90.3518,81.52,82.4,74,40,9.22,EC
67,Souillac,-20.5167,57.5167,77.0,77.0,94,75,13.8,MU
68,São Sebastião do Caí,-29.5867,-51.3756,71.01,71.01,87,52,3.0,BR
69,Castro,-24.7911,-50.0119,61.74,61.74,88,68,5.41,BR
70,Dārāb,28.7519,54.5444,66.99,66.99,42,64,5.48,IR
71,Cape Town,-33.9258,18.4232,66.25,69.01,88,0,11.5,ZA
72,Arteaga,18.4667,-102.4167,86.72,86.72,15,0,8.46,MX
73,Saint Anthony,45.0205,-93.218,62.83,64.99,27,75,11.5,US
74,Atar,20.5169,-13.0499,84.15,84.15,12,68,7.87,MR
75,Necochea,-38.5473,-58.7368,70.0,70.0,81,99,8.01,AR
76,Thinadhoo,0.5333,72.9333,82.31,82.31,64,99,6.96,MV
77,Kruisfontein,-34.0033,24.7314,71.69,71.69,22,2,6.69,ZA
78,George Town,5.4112,100.3354,79.43,80.6,89,20,2.3,MY
79,Hong Kong,22.2855,114.1577,67.84,71.01,76,100,1.99,HK
80,Mildura,-34.2,142.15,51.42,51.8,66,90,1.16,AU
81,Hermanus,-34.4187,19.2345,63.0,63.0,87,71,6.24,ZA
82,Ust-Nera,64.5667,143.2,8.51,8.51,89,82,5.75,RU
83,Cidreira,-30.1811,-50.2056,70.79,70.79,75,45,13.87,BR
84,Honiara,-9.4333,159.95,80.83,80.83,82,91,3.29,SB
85,East London,-33.0153,27.9116,74.64,74.64,34,0,5.93,ZA
86,Pentecoste,-3.7928,-39.2703,81.0,81.0,78,89,21.0,BR
87,Rome,43.2128,-75.4557,58.41,62.6,36,20,14.97,US
88,North Bend,43.4065,-124.2243,56.79,68.0,87,75,11.5,US
89,Coolum Beach,-26.5333,153.1,58.24,62.01,82,10,7.0,AU
90,Laas,46.6166,10.7002,44.73,53.6,60,20,4.61,IT
91,Sikonge,-5.6333,32.7667,62.65,62.65,95,8,5.12,TZ
92,Shingū,33.7333,135.9833,44.02,44.02,80,0,6.33,JP
93,Barrow,71.2906,-156.7887,21.2,21.2,86,1,8.05,US
94,Ahipara,-35.1667,173.1667,60.08,60.08,68,95,3.6,NZ
95,Baykit,61.67,96.37,19.47,19.47,97,100,3.65,RU
96,Hilo,19.7297,-155.09,75.2,78.8,61,90,6.91,US
97,Catazaja,17.725,-92.0167,91.4,91.4,55,40,6.91,MX
98,Butembo,0.15,29.2833,60.66,60.66,85,42,4.41,CD
99,Riberalta,-10.9833,-66.1,81.19,81.19,87,81,1.79,BO
100,Jieshi,22.8134,115.8257,67.15,67.15,65,94,20.49,CN
101,Dikson,73.5069,80.5464,-11.49,-11.49,100,100,2.26,RU
102,Bonavista,48.6499,-53.1147,36.79,37.4,100,100,5.75,CA
103,Genhe,50.7833,121.5167,24.76,24.76,71,9,8.21,CN
104,Mossamedes,-15.1961,12.1522,80.78,80.78,71,7,5.55,AO
105,Joensuu,62.6012,29.7632,39.96,41.0,56,0,5.75,FI
106,Safut,32.0336,35.8332,76.15,77.0,33,0,6.98,JO
107,Innisfail,-17.5333,146.0333,73.87,73.87,94,99,7.72,AU
108,Megion,61.0296,76.1136,8.6,8.6,72,0,8.95,RU
109,Erdenet,49.0333,104.0833,30.52,30.52,56,21,3.6,MN
110,Okhotsk,59.3833,143.3,29.1,29.1,97,100,7.38,RU
111,Vaitape,-16.5167,-151.75,82.56,82.56,69,9,12.46,PF
112,Biak,-0.9131,122.8766,74.57,74.57,83,100,5.17,ID
113,Teacapan,22.55,-105.75,81.88,81.88,49,2,10.65,MX
114,Mercedes,-34.6515,-59.4307,72.54,75.99,79,88,1.99,AR
115,Fort-Shevchenko,44.5086,50.263,54.27,54.27,81,70,10.2,KZ
116,Yamada,39.4667,141.95,48.83,48.83,74,96,8.39,JP
117,Nikolskoye,59.7035,30.7861,45.7,48.2,49,0,13.42,RU
118,Mpika,-11.8343,31.4529,57.2,57.2,95,77,7.72,ZM
119,Saint-Philippe,-21.3585,55.7679,71.33,75.2,78,90,11.5,RE
120,Zhigansk,66.7697,123.3711,4.05,4.05,96,99,3.6,RU
121,Slyudyanka,51.6594,103.7061,27.19,27.19,89,38,2.98,RU
122,Yate,51.5407,-2.4184,46.92,50.0,63,93,1.83,GB
123,Sangar,63.9242,127.4739,0.12,0.12,98,100,1.7,RU
124,Sterling,39.0062,-77.4286,61.92,64.0,39,75,5.75,US
125,Chokurdakh,70.6333,147.9167,8.06,8.06,90,97,16.31,RU
126,Port Hedland,-20.3167,118.5667,69.8,69.8,78,1,3.44,AU
127,Thompson,55.7435,-97.8558,28.4,28.4,43,1,9.22,CA
128,Taoudenni,22.6783,-3.9836,84.87,84.87,14,0,11.65,ML
129,Boyuibe,-20.4167,-63.2833,73.56,73.56,83,30,3.02,BO
130,Weymouth,42.2209,-70.9398,58.91,60.8,47,98,12.66,US
131,Vila Franca do Campo,37.7167,-25.4333,60.8,60.8,88,20,11.5,PT
132,Damietta,31.4165,31.8133,69.8,69.8,64,0,13.8,EG
133,Srednekolymsk,67.45,153.6833,14.47,14.47,83,11,9.84,RU
134,Kaitangata,-46.2817,169.8464,57.0,57.0,63,83,1.99,NZ
135,Krasnyy Yar,46.5331,48.3456,60.4,60.8,44,0,2.24,RU
136,Lebu,-37.6167,-73.65,61.56,61.56,73,54,12.08,CL
137,Namatanai,-3.6667,152.4333,80.08,80.08,82,98,4.9,PG
138,Severo-Kuril'sk,50.6789,156.125,34.92,34.92,94,100,23.58,RU
139,Pisco,-13.7,-76.2167,71.94,73.4,68,0,5.75,PE
140,Harper,4.375,-7.7169,80.73,80.73,77,98,7.83,LR
141,Marawi,7.9986,124.2928,73.0,73.0,89,98,4.0,PH
142,Dāmghān,36.1683,54.348,67.03,67.03,29,77,3.2,IR
143,Mehamn,71.0357,27.8492,37.4,37.4,75,0,17.27,NO
144,Tuktoyaktuk,69.4541,-133.0374,32.0,32.0,74,20,11.5,CA
145,Bethel,41.3712,-73.414,59.32,61.0,41,90,9.22,US
146,Cabo San Lucas,22.8909,-109.9124,81.57,82.4,34,1,11.5,MX
147,Port-Gentil,-0.7193,8.7815,82.4,82.4,83,20,6.91,GA
148,Saskylakh,71.9167,114.0833,-0.51,-0.51,95,97,7.47,RU
149,Kholmogory,64.2229,41.656,26.6,26.6,68,0,2.24,RU
150,Pierre,44.3683,-100.351,66.2,66.2,26,1,23.02,US
151,Bandrele,-12.9067,45.1914,80.6,80.6,83,0,10.11,YT
152,Coralville,41.6764,-91.5805,60.98,62.6,29,40,8.05,US
153,Port Elizabeth,-33.918,25.5701,62.6,62.6,67,40,5.75,ZA
154,Sechura,-5.5569,-80.8222,76.86,76.86,64,80,15.26,PE
155,Poum,-20.2333,164.0167,77.77,77.77,78,96,8.21,NC
156,Dezhou,37.4486,116.2925,54.54,54.54,46,40,12.59,CN
157,Paphos,34.7667,32.4167,68.0,68.0,52,0,1.14,CY
158,Provideniya,64.3833,-173.3,30.2,30.2,69,0,4.47,RU
159,Chara,56.9064,118.2631,-1.21,-1.21,79,35,2.75,RU
160,Ponta do Sol,32.6667,-17.1,57.6,61.0,71,2,4.97,PT
161,Biltine,14.5333,20.9167,86.54,86.54,6,69,8.5,TD
162,Fortuna,40.5982,-124.1573,58.42,62.01,88,1,11.5,US
163,Oktyabr'skiy,54.4815,53.471,39.38,39.38,65,10,14.0,RU
164,Seoul,37.5683,126.9778,39.85,41.0,87,0,9.22,KR
165,Ribeira Grande,38.5167,-28.7,64.4,64.4,82,20,6.91,PT
166,Saldanha,-33.0117,17.9442,66.2,66.2,77,10,8.05,ZA
167,Santo Antônio do Leverger,-15.8656,-56.0767,89.6,89.6,48,40,5.75,BR
168,Sabzawār,36.2126,57.6819,67.37,67.37,29,2,0.98,IR
169,Mar del Plata,-38.0023,-57.5575,72.41,73.4,68,0,6.91,AR
170,Karatau,43.1667,70.4667,56.86,56.86,42,87,10.0,KZ
171,Fourmies,50.0153,4.0478,46.67,46.99,76,98,9.62,FR
172,Vardø,70.3705,31.1107,35.6,35.6,75,0,14.97,NO
173,Meulaboh,4.1363,96.1285,76.19,76.19,87,98,2.17,ID
174,Koltubanovskiy,52.9407,52.0269,46.33,46.33,70,98,11.56,RU
175,Muskegon,43.3,-86.1334,53.8,57.0,28,20,12.66,US
176,Aykhal,66.0,111.5,-9.22,-9.22,100,79,2.33,RU
177,Marmora,44.4583,7.094,43.02,46.4,76,75,5.75,IT
178,Flinders,-34.5833,150.8552,51.01,51.01,85,3,1.01,AU
179,Guerrero Negro,27.9769,-114.0611,69.8,69.8,53,4,13.38,MX
180,Lüderitz,-26.6481,15.1594,74.25,74.25,48,19,4.41,NA
181,Half Moon Bay,37.4636,-122.4286,66.74,77.0,82,20,12.66,US
182,Saint-Augustin,51.226,-58.6502,35.2,35.2,97,100,21.97,CA
183,Faanui,-16.4833,-151.75,82.56,82.56,69,8,12.57,PF
184,Kashgar,39.4547,75.9797,62.6,62.6,20,40,15.66,CN
185,Umluj,25.0213,37.2685,81.09,81.09,56,0,5.35,SA
186,Botwood,49.1499,-55.3482,41.0,41.0,91,100,3.0,CA
187,Ponta Delgada,37.7333,-25.6667,60.8,60.8,88,20,11.5,PT
188,Nome,64.5011,-165.4064,37.22,37.4,65,75,10.36,US
189,Vanimo,-2.6741,141.3028,76.71,76.71,86,100,2.42,PG
190,Ilulissat,69.2167,-51.1,12.2,12.2,44,55,5.75,GL
191,Narsaq,60.9167,-46.05,32.0,32.0,29,75,6.91,GL
192,Shahr-e Bābak,30.1165,55.1186,56.46,56.46,51,57,11.16,IR
193,Fort Nelson,58.8053,-122.7002,48.2,48.2,34,20,5.75,CA
194,Lagos,6.5833,3.75,77.0,77.0,88,20,2.3,NG
195,Omboué,-1.5746,9.2618,79.16,79.16,84,97,3.62,GA
196,Huilong,31.8111,121.655,54.1,55.99,65,37,8.81,CN
197,Trairi,-3.2778,-39.2689,76.51,76.51,90,67,6.22,BR
198,Srandakan,-7.9386,110.2506,75.88,75.88,86,59,4.07,ID
199,Lima,-12.0432,-77.0282,72.59,73.99,73,0,6.91,PE
200,Itarema,-2.9248,-39.9167,78.71,78.71,82,98,10.63,BR
201,Vila,42.0304,-8.1588,57.99,57.99,54,100,1.01,PT
202,Port Lincoln,-34.7333,135.8667,56.79,56.79,83,2,8.7,AU
203,Sorong,-0.8833,131.25,77.65,77.65,85,100,8.03,ID
204,Leningradskiy,69.3833,178.4167,25.07,25.07,78,7,7.38,RU
205,Maizuru,35.45,135.3333,42.51,48.0,91,5,5.84,JP
206,Pevek,69.7008,170.3133,20.16,20.16,82,100,17.18,RU
207,Chernogolovka,56.0,38.3667,47.98,50.0,66,0,6.71,RU
208,Takoradze,4.8845,-1.7554,79.92,79.92,82,99,7.29,GH
209,Masterton,-40.9597,175.6575,60.46,62.01,79,77,7.0,NZ
210,Brae,60.3964,-1.353,44.6,44.6,87,100,13.8,GB
211,Numan,9.4667,12.0333,89.62,89.62,37,46,7.38,NG
212,Shanghai,31.2222,121.4581,53.64,55.99,71,0,6.71,CN
213,Bredasdorp,-34.5322,20.0403,66.2,66.2,77,34,11.5,ZA
214,Mitzic,0.7821,11.549,70.54,70.54,95,100,1.95,GA
215,Makakilo City,21.3469,-158.0858,79.0,80.6,50,1,9.22,US
216,Saint Paul Harbor,57.79,-152.4072,44.6,44.6,87,90,10.36,US
217,Cairns,-16.9167,145.7667,73.69,73.99,100,75,12.66,AU
218,Constitución,-35.3333,-72.4167,61.83,61.83,68,97,6.78,CL
219,São Filipe,14.8961,-24.4956,74.03,74.03,71,24,11.52,CV
220,Labuhan,-6.8844,112.2051,76.51,76.51,87,94,4.25,ID
221,San Patricio,28.017,-97.5169,62.98,64.4,55,90,10.36,US
222,Maniitsoq,65.4167,-52.9,19.62,19.62,62,99,12.64,GL
223,Tagburos,9.8286,118.7319,80.11,80.11,80,100,7.47,PH
224,Shimoda,34.6667,138.95,44.49,45.0,77,0,1.99,JP
225,Chui,-33.6971,-53.4616,65.84,65.84,76,0,7.67,UY
226,L'govskiy,51.6307,35.2775,40.95,40.95,92,96,4.88,RU
227,Grand Gaube,-20.0064,57.6608,75.0,75.0,89,100,5.99,MU
228,Atambua,-9.1061,124.8925,69.94,69.94,83,92,4.16,ID
229,Puro,12.4841,123.3827,74.52,74.52,92,100,27.45,PH
230,Cockburn Town,21.4612,-71.1419,82.4,82.4,69,1,11.5,TC
231,Batticaloa,7.7102,81.6924,79.92,79.92,79,99,7.25,LK
232,Mayo,38.8876,-76.5119,61.52,64.0,55,90,10.36,US
233,Erenhot,43.6475,111.9767,48.79,48.79,22,25,3.78,CN
234,Uddevalla,58.3478,11.9424,45.32,48.0,75,9,3.44,SE
235,Vostok,46.4856,135.8833,33.64,33.64,91,29,5.06,RU
236,Orlovka,44.6914,44.1744,52.41,52.41,91,49,6.51,RU
237,Union,40.6334,-74.2663,61.41,62.6,34,90,8.05,US
238,Chekhov,55.1431,37.4711,39.52,39.99,94,67,7.49,RU
239,Emerald,-23.5333,148.1667,59.99,60.8,59,0,11.5,AU
240,Mogadishu,2.0371,45.3438,82.74,82.74,74,92,10.11,SO
241,São Félix do Xingu,-6.6447,-51.995,75.13,75.13,87,94,2.33,BR
242,Tabuk,17.4189,121.4443,68.72,68.72,88,53,11.23,PH
243,Northam,51.0333,-4.2167,42.66,44.01,79,67,1.99,GB
244,Jumilla,38.4792,-1.325,48.92,52.0,84,27,3.0,ES
245,La Paz,-16.5,-68.15,60.39,60.39,30,3,2.75,BO
246,Staryy Nadym,65.6118,72.6842,-6.12,-6.12,98,15,10.51,RU
247,Prince Rupert,54.3161,-130.3201,60.57,64.4,42,1,6.91,CA
248,Geraldton,-28.7667,114.6,60.8,60.8,63,40,9.22,AU
249,Touros,-5.1989,-35.4608,80.6,80.6,83,40,8.05,BR
250,Anito,12.4497,125.2886,76.46,76.46,95,100,25.93,PH
251,Nanortalik,60.1432,-45.2371,28.8,28.8,57,14,12.21,GL
252,Vero Beach,27.6386,-80.3973,88.92,90.0,45,40,11.5,US
253,Annau,37.8876,58.516,66.2,66.2,39,8,4.61,TM
254,Xai-Xai,-25.0519,33.6442,63.73,63.73,72,19,7.05,MZ
255,Lompoc,34.6391,-120.4579,67.51,75.0,59,0,17.27,US
256,Havøysund,70.9963,24.6622,40.08,41.0,70,0,4.61,NO
257,Koungheul,13.9833,-14.8,93.9,93.9,12,41,6.02,SN
258,Termoli,41.9888,14.9895,45.0,45.0,80,100,1.01,IT
259,Doha,25.2867,51.5333,81.39,82.4,32,0,11.5,QA
260,Praia da Vitória,38.7333,-27.0667,64.8,66.2,72,20,8.28,PT
261,Lata,40.1629,-8.3327,60.62,63.0,77,20,4.61,PT
262,Farsund,58.0948,6.8047,48.9,53.01,75,8,5.44,NO
263,Abéché,13.8292,20.8324,86.04,86.04,7,92,8.81,TD
264,Tuatapere,-46.1333,167.6833,54.0,54.0,90,77,3.0,NZ
265,Namanga,-2.5433,36.7905,64.69,64.69,93,100,4.41,KE
266,Riyadh,24.6877,46.7219,82.67,86.0,15,0,4.61,SA
267,Mayumba,-3.432,10.6554,78.85,78.85,85,100,3.22,GA
268,College,64.8569,-147.8028,52.43,53.6,37,40,4.61,US
269,Ancud,-41.8697,-73.8203,53.92,57.2,94,90,17.27,CL
270,Nishihara,26.1842,127.7558,62.1,64.4,67,40,5.75,JP
271,Nelson Bay,-32.7167,152.15,51.67,53.01,100,10,6.91,AU
272,Merauke,-8.4667,140.3333,76.03,76.03,93,100,8.48,ID
273,Burnie,-41.0667,145.9167,53.46,54.0,82,98,5.01,AU
274,Port Dover,42.7834,-80.1997,53.65,55.99,66,75,6.91,CA
275,Messancy,49.592,5.8188,43.7,45.0,73,86,2.91,BE
276,Tilichiki,60.4667,166.1,28.99,28.99,83,100,1.19,RU
277,Padang,-0.9492,100.3543,75.92,75.92,88,29,2.68,ID
278,Nemuro,43.3236,145.575,40.51,40.51,93,90,15.48,JP
279,Hualmay,-11.0964,-77.6139,72.05,72.05,75,83,7.85,PE
280,Coyhaique,-45.5752,-72.0662,55.4,55.4,88,75,3.44,CL
281,Easton,40.6884,-75.2207,60.1,61.0,39,90,6.91,US
282,Montrose,38.4166,-108.2673,53.01,54.0,18,0,5.01,US
283,Fairbanks,64.8378,-147.7164,52.5,53.6,30,1,6.91,US
284,Berlevåg,70.8578,29.0864,36.73,37.4,70,0,2.3,NO
285,Warmbad,-28.45,18.7333,79.63,79.63,24,45,11.34,NA
286,Manggar,-2.8833,108.2667,79.93,79.93,74,87,2.86,ID
287,Luanda,-8.8368,13.2343,82.4,82.4,89,40,5.75,AO
288,Portland,45.5234,-122.6762,78.01,80.01,26,39,1.01,US
289,Tiksi,71.6872,128.8694,7.02,7.02,88,100,11.99,RU
290,Los Llanos de Aridane,28.6585,-17.9182,62.53,68.0,64,0,16.11,ES
291,Qom,34.6401,50.8764,73.94,73.94,20,23,5.26,IR
292,Sitka,57.0531,-135.33,64.4,64.4,27,1,12.66,US
293,Belyy Yar,53.6039,91.3903,37.4,37.4,60,0,8.95,RU
294,Upernavik,72.7868,-56.1549,10.27,10.27,84,100,5.53,GL
295,Pimenta Bueno,-11.6725,-61.1936,78.55,78.55,89,100,1.72,BR
296,Katsuura,35.1333,140.3,52.0,53.6,43,20,9.22,JP
297,Bakchar,57.0186,82.0711,15.71,15.71,91,100,18.99,RU
298,Staffanstorp,55.6428,13.2064,46.47,48.2,53,0,8.05,SE
299,Margate,51.3813,1.3862,42.13,43.0,81,61,4.09,GB
300,Trabzon Province,40.9167,39.8333,62.6,62.6,67,75,3.44,TR
301,Auki,-8.7676,160.7034,80.53,80.53,83,85,3.62,SB
302,Viedma,-40.8135,-62.9967,74.88,74.88,59,15,15.28,AR
303,Teberda,43.4456,41.7448,47.34,47.34,93,100,9.69,RU
304,Karratha,-20.7377,116.8463,78.12,78.12,68,0,5.48,AU
305,Bengkulu,-3.8004,102.2655,74.28,74.28,90,99,4.34,ID
306,Pacific Grove,36.6177,-121.9166,60.13,75.99,72,1,8.05,US
307,Tarabuco,-19.1667,-64.9167,55.78,55.78,61,71,5.79,BO
308,Nyurba,63.2842,118.3319,4.3,4.3,97,100,2.57,RU
309,Lethem,3.3803,-59.7968,87.78,87.78,45,95,11.12,GY
310,Christchurch,-43.5333,172.6333,52.68,59.0,87,23,1.14,NZ
311,Faya,18.3851,42.4509,66.2,66.2,20,20,4.61,SA
312,Asău,46.4333,26.4,42.01,42.01,65,100,0.25,RO
313,High Level,58.5169,-117.136,42.8,42.8,45,40,10.36,CA
314,Ambilobe,-13.2,49.05,73.53,73.53,85,43,3.62,MG
315,Kahului,20.8947,-156.47,73.09,75.99,83,40,14.97,US
316,Kirakira,-10.4544,161.9205,82.02,82.02,82,74,5.44,SB
317,Seinäjoki,62.7945,22.8282,41.14,43.0,70,0,4.41,FI
318,Isangel,-19.55,169.2667,79.97,79.97,80,26,9.19,VU
319,Kokoda,-8.8785,147.7407,75.43,75.43,92,79,1.12,PG
320,Verkhnevilyuysk,63.4453,120.3167,6.1,6.1,97,100,3.71,RU
321,Mwaro Province,-3.5,29.6667,55.81,55.81,96,100,1.28,BI
322,Venado Tuerto,-33.7456,-61.9688,81.0,81.0,99,0,7.0,AR
323,Batagay-Alyta,67.8006,130.4114,8.37,8.37,97,100,3.13,RU
324,Tottori-shi,35.5,134.2333,45.45,45.45,78,4,6.71,JP
325,Trenggalek,-8.05,111.7167,73.4,73.4,92,100,1.14,ID
326,Alexandria,31.2156,29.9553,77.0,77.0,53,0,5.75,EG
327,Moindou,-21.6924,165.677,69.8,69.8,94,0,3.44,NC
328,Troitsko-Pechorsk,62.7084,56.1964,18.97,18.97,88,13,2.98,RU
329,Maudaha,25.6833,80.1167,83.86,83.86,17,0,1.88,IN
330,Bubaque,11.2833,-15.8333,77.56,77.56,73,71,18.16,GW
331,Alyangula,-13.8483,136.4192,71.6,71.6,100,94,10.74,AU
332,Čelákovice,50.1604,14.7501,45.7,46.4,81,75,2.82,CZ
333,Pittsburg,38.028,-121.8847,85.68,88.0,11,1,10.36,US
334,Praia,14.9215,-23.5087,71.6,71.6,73,20,19.57,CV
335,Juneau,58.3019,-134.4197,55.4,64.4,22,1,17.27,US
336,Denpasar,-8.65,115.2167,78.8,78.8,89,20,3.44,ID
337,Carnarvon,-24.8667,113.6333,75.63,75.63,70,0,20.11,AU
338,Oodweyne,9.4092,45.064,75.94,75.94,54,92,1.77,SO
339,Grindavik,63.8424,-22.4338,32.0,32.0,100,90,19.57,IS
340,Guasdualito,7.2424,-70.7324,91.76,91.76,44,100,3.18,VE
341,Manicoré,-5.8092,-61.3003,82.4,82.4,78,20,6.91,BR
342,Buraidah,26.326,43.975,77.0,77.0,29,0,4.61,SA
343,Koumac,-20.5667,164.2833,77.52,77.52,75,92,2.15,NC
344,Kentau,43.5206,68.5094,59.13,59.13,37,77,6.64,KZ
345,Nouakchott,18.0858,-15.9785,73.4,73.4,60,0,14.97,MR
346,Bulgan,48.8125,103.5347,32.61,32.61,56,3,1.83,MN
347,Clyde River,70.4692,-68.5914,6.8,6.8,85,90,12.66,CA
348,Zinapécuaro,19.8667,-100.8167,86.0,86.0,10,1,8.05,MX
349,Kiruna,67.8557,20.2251,33.8,33.8,69,47,1.14,SE
350,Longyearbyen,78.2186,15.6401,28.4,28.4,86,90,10.36,SJ
351,Altamont,42.2068,-121.7372,69.78,71.01,19,1,5.75,US
352,Klaksvík,62.2266,-6.589,42.8,42.8,87,90,5.75,FO
353,Lorengau,-2.0226,147.2712,80.82,80.82,81,100,8.72,PG
354,Mkwanga,-7.118,39.2078,71.44,71.44,85,97,8.3,TZ
355,Äänekoski,62.6946,25.818,35.47,37.0,75,0,1.14,FI
356,Muros,42.7762,-9.0603,58.64,59.0,77,100,1.01,ES
357,Sayyan,15.1718,44.3244,60.37,60.37,36,23,10.09,YE
358,Raudeberg,61.9875,5.1352,46.0,46.0,55,1,12.66,NO
359,Plyussa,58.4308,29.3654,46.0,46.0,67,81,6.08,RU
360,Taclobo,12.3074,122.586,78.01,78.01,85,100,14.54,PH
361,Nālūt,30.3333,10.85,62.73,62.73,23,0,9.66,LY
362,Itararé,-24.1125,-49.3317,64.94,64.94,84,52,5.59,BR
363,Majene,-3.5403,118.9707,76.28,76.28,86,100,4.14,ID
364,Warendorf,51.95,7.9833,52.18,54.0,71,40,5.75,DE
365,Blackwater,-23.5833,148.8833,61.97,61.97,51,0,5.39,AU
366,Dubbo,-32.25,148.6167,35.6,35.6,87,0,3.44,AU
367,Along,28.1667,94.7667,62.4,62.4,97,100,1.45,IN
368,Talara,-4.5772,-81.2719,84.2,84.2,54,0,8.05,PE
369,Tautira,-17.7333,-149.15,86.0,86.0,66,20,5.75,PF
370,Tateyama,34.9833,139.8667,53.22,53.6,43,20,9.22,JP
371,Aswān,24.0934,32.907,86.72,86.72,29,0,13.04,EG
372,Sakakah,29.9697,40.2064,77.0,77.0,19,0,6.91,SA
373,Tazovsky,67.4667,78.7,-12.86,-12.86,99,33,9.48,RU
374,Harindānga,22.0383,88.3214,80.6,80.6,69,40,5.75,IN
375,Loandjili,-4.7561,11.8578,82.4,82.4,89,40,3.44,CG
376,Rockland,41.1668,-74.0496,59.04,61.0,47,76,6.02,US
377,Khomeyn,33.6423,50.0789,59.07,59.07,41,28,4.41,IR
378,Craig,40.5153,-107.5464,49.77,51.8,28,1,3.44,US
379,George,-33.963,22.4617,68.0,68.0,40,40,9.22,ZA
380,Turukhansk,65.8167,87.9833,10.56,10.56,81,100,11.79,RU
381,Andenes,69.3143,16.1194,42.49,42.8,61,52,12.66,NO
382,Sinnamary,5.3833,-52.95,79.2,79.2,78,81,10.96,GF
383,Jumla,29.2747,82.1838,41.13,41.13,76,8,3.85,NP
384,Morondava,-20.2833,44.2833,76.98,76.98,67,99,1.32,MG
385,Carbonia,39.1672,8.5222,47.53,48.2,87,20,6.91,IT
386,São João da Barra,-21.6403,-41.0511,80.6,80.6,65,20,9.22,BR
387,Urazovo,50.0836,38.0395,47.44,47.44,88,100,2.95,RU
388,Anchorage,61.2181,-149.9003,46.65,48.2,40,1,6.91,US
389,Praia,14.9215,-23.5087,71.6,71.6,73,20,19.57,CV
390,Khuzdar,27.7384,66.6434,71.71,71.71,27,57,4.74,PK
391,Sistranda,63.7256,8.834,46.4,46.4,71,0,8.05,NO
392,Vila Velha,-20.3297,-40.2925,80.6,80.6,78,20,13.8,BR
393,Angoram,-4.0625,144.0661,73.22,73.22,97,95,2.42,PG
394,Beloha,-25.1667,45.05,65.57,65.57,66,0,13.94,MG
395,Jalu,29.0331,21.5482,84.96,84.96,23,100,19.26,LY
396,Iskateley,67.6803,53.1512,18.45,18.45,90,100,9.15,RU
397,Kerūr,16.0167,75.5667,79.81,79.81,67,93,18.03,IN
398,Krapivinskiy,54.9992,86.8133,33.8,33.8,93,40,6.71,RU
399,Sonoita,31.85,-112.8333,78.01,78.01,18,1,1.01,MX
400,Lagoa,39.05,-27.9833,60.73,60.73,88,99,9.93,PT
401,San Jerónimo,-11.9472,-75.2829,64.18,64.18,44,61,4.74,PE
402,Nicolás Bravo,18.45,-88.9167,93.13,95.0,52,40,11.5,MX
403,Kavaratti,10.5669,72.642,83.48,83.48,72,100,5.82,IN
404,Muaná,-1.5283,-49.2167,74.77,74.77,93,100,5.35,BR
405,Bathsheba,13.2167,-59.5167,84.2,84.2,51,20,23.02,BB
406,Tanah Merah,5.8,102.15,78.4,78.8,94,20,2.28,MY
407,Duartina,-22.4144,-49.4039,75.76,78.8,61,40,5.75,BR
408,Le Vauclin,14.5452,-60.8388,81.61,84.2,61,75,16.11,MQ
409,Marsh Harbour,26.5412,-77.0636,80.13,80.13,70,99,8.5,BS
410,Sibolga,1.7427,98.7792,75.27,75.27,90,100,2.51,ID
411,Tommot,58.9564,126.2925,18.39,18.39,93,100,8.7,RU
412,Ta Khmau,11.4833,104.95,78.8,78.8,94,40,1.88,KH
413,Mahanoro,-19.9,48.8,69.87,69.87,81,94,7.45,MG
414,Birao,10.2849,22.7882,82.47,82.47,11,70,5.68,CF
415,Chute-aux-Outardes,49.1168,-68.399,37.4,37.4,75,75,6.91,CA
416,Alice Springs,-23.7,133.8833,41.0,41.0,70,0,4.85,AU
417,Port Macquarie,-31.4333,152.9167,52.52,53.01,92,3,4.0,AU
418,Hailar,49.2,119.7,28.65,28.65,43,0,14.34,CN
419,Manzanillo,20.3433,-77.1167,91.51,91.51,42,14,9.42,CU
420,Maxixe,-23.8597,35.3472,65.35,65.35,73,6,3.38,MZ
421,Adelaide,-34.9333,138.6,55.67,57.0,82,75,11.5,AU
422,Acaraú,-2.8856,-40.12,79.45,79.45,81,100,12.28,BR
423,Polyarny,69.1989,33.4478,32.0,32.0,86,0,2.24,RU
424,Sora,41.7157,13.6141,43.57,51.01,87,100,1.99,IT
425,Rexburg,43.826,-111.7897,61.65,63.0,18,1,5.75,US
426,San Jose,37.3394,-121.895,82.11,84.99,29,0,1.99,US
427,Cap-aux-Meules,47.3821,-61.8597,36.54,37.4,93,100,17.27,CA
428,Bulolo,-7.2,146.65,70.38,70.38,92,96,1.61,PG
429,San Juan de Abajo,20.8167,-105.1833,80.6,80.6,61,1,13.8,MX
430,Te Anau,-45.4167,167.7167,52.95,52.95,84,100,6.38,NZ
431,Salta,-24.7859,-65.4117,68.0,68.0,83,75,6.91,AR
432,Fort Abbas,29.1925,72.8536,81.05,81.05,20,14,5.44,PK
433,Ishigaki,24.3448,124.1572,68.81,68.81,65,49,19.19,JP
434,Ngama,11.7833,17.1667,90.1,90.1,8,100,6.98,TD
435,Khowst,33.3833,69.8833,59.43,59.43,67,92,1.59,AF
436,Kamenka,51.3223,42.7678,46.0,46.0,71,86,5.99,RU
437,Caxhuacán,20.0667,-97.6,69.8,69.8,78,90,11.5,MX
438,Kulautuva,54.9333,23.6,55.4,55.4,38,0,5.75,LT
439,Yangi Marg`ilon,40.4272,71.7189,51.8,51.8,66,8,4.61,UZ
440,Ambovombe,-25.1667,46.0833,66.24,66.24,71,2,16.08,MG
441,Yining,29.0361,114.5636,56.28,56.28,91,93,1.23,CN
442,Rakai,-0.72,31.4839,61.41,61.41,95,20,4.54,UG
443,Ghanzi,-21.5667,21.7833,63.95,63.95,41,2,8.21,BW
444,Paamiut,61.994,-49.6678,27.84,27.84,57,100,7.58,GL
445,Caxito,-8.5785,13.6643,82.4,82.4,89,40,5.75,AO
446,Kalmar,56.6616,16.3616,41.0,41.0,81,93,5.75,SE
447,Atbasar,51.8,68.3333,28.36,28.36,64,8,18.16,KZ
448,Ban Dung,17.699,103.2596,77.0,77.0,99,78,2.04,TH
449,Mahenge,-8.6833,36.7167,62.62,62.62,77,94,3.29,TZ
450,Vilanova del Camí,41.5717,1.6375,49.98,53.01,67,32,3.0,ES
451,Pundaguitan,6.3711,126.1689,82.11,82.11,73,93,9.33,PH
452,Washington,47.5001,-120.5015,77.65,80.01,14,98,8.99,US
453,Jadu,31.953,12.0261,51.26,51.26,81,12,3.11,LY
454,Porto-Novo,6.4965,2.6036,75.2,75.2,88,40,2.3,BJ
455,Moskovskoye,45.2842,41.9103,53.29,53.6,87,0,6.71,RU
456,Pacifica,37.6138,-122.4869,64.22,73.4,40,1,3.44,US
457,Qaqortoq,60.7167,-46.0333,32.0,32.0,29,75,6.91,GL
458,Avera,33.194,-82.5271,76.33,78.8,29,1,4.61,US
459,Manono,-7.3,27.4167,68.31,68.31,91,83,5.03,CD
460,Zaysan,47.4667,84.8667,52.59,52.59,47,64,9.06,KZ
461,Vidim,56.4088,103.1106,18.61,18.61,92,69,2.95,RU
462,Colares,38.7992,-9.4469,59.18,61.0,77,0,4.61,PT
463,Zhob,31.3411,69.4481,65.25,65.25,28,74,1.9,PK
464,Kikwit,-5.041,18.8162,74.57,74.57,86,100,2.8,CD
465,Miran Shah,33.0086,70.0697,64.81,64.81,70,35,2.51,PK
466,Sibu,2.3,111.8167,75.07,75.2,94,40,3.44,MY
467,San Andrés,12.5847,-81.7006,87.8,87.8,70,90,10.36,CO
468,Hinesville,31.8469,-81.5959,76.06,77.0,50,20,5.75,US
469,Vestmannaeyjar,63.4427,-20.2734,40.17,40.17,54,64,22.32,IS
470,Port Blair,11.6667,92.75,80.76,80.76,76,49,6.82,IN
471,Calama,-22.4667,-68.9333,73.4,73.4,10,0,21.85,CL
472,Neiafu,-18.65,-173.9833,80.6,80.6,74,40,6.91,TO
473,Viseu,40.661,-7.9097,62.62,63.0,65,100,0.72,PT
474,Santiago,-33.4569,-70.6483,75.24,77.0,33,48,3.44,CL
475,Springbok,-29.6643,17.8865,70.57,70.57,32,2,2.86,ZA
476,Ingleside,27.8778,-97.2117,61.88,64.4,48,1,10.36,US
477,La Pintada,5.7487,-75.6063,73.4,73.4,49,75,9.22,CO
478,Waipawa,-41.4122,175.5153,60.48,62.01,67,71,16.11,NZ
479,Manado,1.487,124.8455,76.44,76.44,86,100,3.24,ID
480,Bonthe,7.5264,-12.505,81.66,81.66,77,36,8.79,SL
481,Matara,5.9485,80.5353,76.89,76.89,88,27,6.4,LK
482,Lashio,22.9333,97.75,64.02,64.02,62,0,1.79,MM
483,Broome,42.2506,-75.833,53.53,55.99,40,90,11.5,US
484,Mahon,39.8885,4.2658,48.2,48.2,66,0,5.75,ES
485,Awjilah,29.1081,21.2869,83.05,83.05,27,100,18.72,LY
486,Camapuã,-19.5314,-54.0439,83.37,83.37,44,52,6.8,BR
487,Manadhoo,5.7667,73.3833,83.75,83.75,72,100,7.96,MV
488,Lucapa,-8.4192,20.7447,68.25,68.25,89,99,2.64,AO
489,Thanh Hoa,19.8,105.7667,73.42,73.42,95,88,1.21,VN
490,Ginda,30.6945,78.4932,49.06,49.06,46,2,8.21,IN
491,Black River,18.0264,-77.8487,85.59,86.0,70,20,20.71,JM
492,Neyyāttinkara,8.4,77.0833,80.6,80.6,83,20,5.41,IN
493,Verāval,20.9,70.3667,79.66,79.66,77,0,11.72,IN
494,Tocopilla,-22.092,-70.1979,69.84,69.84,64,16,5.23,CL
495,Río Gallegos,-51.6226,-69.2181,62.02,62.02,46,83,12.95,AR
496,Kamaishi,39.2667,141.8833,48.15,48.15,76,100,16.82,JP
497,Grootfontein,-19.5667,18.1167,66.25,66.25,43,93,9.93,NA
498,Antalaha,-14.9003,50.2788,74.95,74.95,92,99,10.74,MG
499,Palana,59.1167,159.9667,30.09,30.09,88,60,5.06,RU
500,Minot,48.2325,-101.2963,37.56,37.99,48,90,16.11,US
501,Sheridan,44.8333,-106.9173,61.99,64.4,22,20,23.02,US
502,Kawalu,-7.3817,108.2082,70.47,70.47,97,97,0.98,ID
503,Yeppoon,-23.1333,150.7333,64.4,64.4,77,32,6.91,AU
504,Xinqing,48.2333,129.5,35.47,35.47,64,2,2.68,CN
505,Iskitim,54.6366,83.3045,33.8,33.8,93,90,24.61,RU
506,Wanning,18.8003,110.3967,74.73,74.73,91,21,2.04,CN
507,Beyneu,45.3167,55.2,64.65,64.65,37,100,11.1,KZ
508,Tadine,-21.55,167.8833,77.7,77.7,84,91,12.1,NC
509,Svay Rieng,11.0879,105.7993,77.16,77.16,83,98,6.04,KH
510,Shenzhen,22.5455,114.0683,67.21,71.01,86,100,1.99,CN
511,Ialibu,-6.2821,143.9935,54.39,54.39,90,100,3.22,PG
512,Iguape,-24.7081,-47.5553,71.33,71.33,86,75,11.39,BR
513,Adwa,14.1646,38.8955,70.39,70.39,34,98,9.24,ET
514,Esna,25.2934,32.554,93.2,93.2,20,0,13.8,EG
515,Defiance,41.3334,-84.45,60.35,61.0,36,1,4.61,US
516,Pathein,16.7833,94.7333,77.02,77.02,82,0,5.32,MM
517,Astoria,46.1879,-123.8313,57.92,60.01,72,1,13.8,US
518,Coxim,-18.5067,-54.76,85.91,85.91,45,93,4.85,BR
519,Brigantine,39.4101,-74.3646,57.06,62.6,36,90,10.36,US
520,Campbell River,50.0163,-125.2446,68.27,69.01,34,1,5.75,CA
521,Marystown,47.1666,-55.1483,38.61,38.61,98,100,14.74,CA
522,Lazi,48.0667,24.2333,41.41,41.41,92,100,3.0,UA
523,Broken Hill,-31.95,141.4333,46.4,46.4,71,51,2.48,AU
524,Bontang,0.1333,117.5,75.49,75.49,90,100,7.72,ID
525,Kudahuvadhoo,2.6708,72.8944,82.92,82.92,62,95,7.65,MV
526,Uribia,11.7139,-72.266,93.49,93.49,38,91,16.33,CO
527,Goleniów,53.5639,14.8285,45.25,46.4,93,0,5.75,PL
528,Caravelas,-17.7125,-39.2481,75.69,75.69,85,5,6.04,BR
529,Conceição do Araguaia,-8.2578,-49.2647,75.2,75.2,94,0,5.75,BR
530,Chapais,49.7834,-74.8492,46.4,46.4,61,90,11.5,CA
531,Vanavara,60.34,102.2797,20.73,20.73,84,100,7.52,RU
532,Baruun-Urt,46.6806,113.2792,35.89,35.89,29,1,12.37,MN
533,Kapit,2.0167,112.9333,68.67,68.67,99,93,1.59,MY
534,Acurenam,1.0322,10.6488,69.08,69.08,98,100,2.46,GQ
535,Paraná,-31.732,-60.5238,76.46,76.46,59,53,7.83,AR
